﻿<?xml version="1.0" encoding="utf-8"?>
<BuildReasons>
  <Rule ID="$(AS_PROJECT_PATH)\temp\objects\config1\4pp065_0571_p74\program\init.c.o">
    <BuildReason>Prerequiste "$(AS_PROJECT_PATH)\logical\program\init.c" differs.
</BuildReason>
  </Rule>
  <Rule ID="$(AS_PROJECT_PATH)\temp\objects\config1\4pp065_0571_p74\program\_bur_pvdef.c.o">
    <BuildReason>Prerequiste "$(AS_PROJECT_PATH)\temp\objects\config1\4pp065_0571_p74\program\init.c.o" differs.
</BuildReason>
  </Rule>
  <Rule ID="$(AS_PROJECT_PATH)\temp\objects\config1\4pp065_0571_p74\program\a.out">
    <BuildReason>Prerequiste "$(AS_PROJECT_PATH)\temp\objects\config1\4pp065_0571_p74\program\init.c.o" differs.
</BuildReason>
  </Rule>
  <Rule ID="$(AS_PROJECT_PATH)\temp\objects\config1\4pp065_0571_p74\program\program.ox">
    <BuildReason>Prerequiste "$(AS_PROJECT_PATH)\temp\objects\config1\4pp065_0571_p74\program\a.out" differs.
</BuildReason>
  </Rule>
  <Rule ID="$(AS_PROJECT_PATH)\temp\objects\config1\4pp065_0571_p74\program.br">
    <BuildReason>Prerequiste "$(AS_PROJECT_PATH)\temp\objects\config1\4pp065_0571_p74\program\program.ox" differs.
</BuildReason>
  </Rule>
  <Rule ID="#cpu_tp.mak">
    <BuildReason>Rule is forced.</BuildReason>
  </Rule>
  <Rule ID="$(AS_PROJECT_PATH)\binaries\config1\4pp065_0571_p74\transfer.lst">
    <BuildReason>Prerequiste "$(AS_PROJECT_PATH)\temp\objects\config1\4pp065_0571_p74\program.br" differs.
</BuildReason>
  </Rule>
</BuildReasons>